title,price,date,location
Ручний портативний принтер Evebot Print Pen,5 500 грн.,06 мая 2024 г.,
Ручний портативний принтер Evebot Print Pen,5 500 грн.,06 мая 2024 г.,
3D-принтер Bambu LAB P1S•3Д-принтер Бамбу Лаб П1С•Європейська версія,39 500 грн.,07 мая 2024 г.,
3D-принтер Bambu LAB P1S•3Д-принтер Бамбу Лаб П1С•Європейська версія,39 500 грн.,07 мая 2024 г.,
МФУ Лазерное Brother DCP-7057R принтер копир сканер,2 999 грн.,Сегодня в 07:25,
МФУ Лазерное Brother DCP-7057R принтер копир сканер,2 999 грн.,Сегодня в 07:25,
Лазерный принтер Нр 1018,400 грн.,07 мая 2024 г.,
Лазерный принтер Нр 1018,400 грн.,07 мая 2024 г.,
Принтер Epson WF7720 на запчастини,500 грн.,07 мая 2024 г.,
Принтер Epson WF7720 на запчастини,500 грн.,07 мая 2024 г.,
Принтер в отличном состоянии,960 грн.,07 мая 2024 г.,
Принтер в отличном состоянии,960 грн.,07 мая 2024 г.,
Принтер L1300 CHПЧ А3 для сублімації б.у.,6 000 грн.,07 мая 2024 г.,
Принтер L1300 CHПЧ А3 для сублімації б.у.,6 000 грн.,07 мая 2024 г.,
Принтер Canon кольоровий,750 грн.,06 мая 2024 г.,
Принтер Canon кольоровий,750 грн.,06 мая 2024 г.,
Лазерний принтер.,500 грн.,Сегодня в 07:51,
Лазерний принтер.,500 грн.,Сегодня в 07:51,
Принтер HP ink tank 315,5 500 грн.,Сегодня в 08:03,
Принтер HP ink tank 315,5 500 грн.,Сегодня в 08:03,
Принтер/сканер фірми Canon E474,2 100 грн.,Сегодня в 07:32,
Принтер/сканер фірми Canon E474,2 100 грн.,Сегодня в 07:32,
Міні принтер Дитячий принтер Портативний принтер мини Принтер міні,550 грн.,Сегодня в 07:11,
Міні принтер Дитячий принтер Портативний принтер мини Принтер міні,550 грн.,Сегодня в 07:11,
Принтер МФУ HP DeskJet 3762,1 000 грн.,Сегодня в 07:11,
Принтер МФУ HP DeskJet 3762,1 000 грн.,Сегодня в 07:11,
Принтер Pixma G2415,3 000 грн.,06 мая 2024 г.,
Принтер Pixma G2415,3 000 грн.,06 мая 2024 г.,
Принтер чеков Savio 80260 Plus Новый,2 800 грн.,06 мая 2024 г.,
Принтер чеков Savio 80260 Plus Новый,2 800 грн.,06 мая 2024 г.,
3D-принтер Bambu Lab X1-Carbon з АМС/швидкий друк 500 мм/с/EU-модель/,74 000 грн.,Сегодня в 05:04,
3D-принтер Bambu Lab X1-Carbon з АМС/швидкий друк 500 мм/с/EU-модель/,74 000 грн.,Сегодня в 05:04,
Принтер canon mp280,500 грн.,Сегодня в 07:00,
Принтер canon mp280,500 грн.,Сегодня в 07:00,
БФП/ МФУ Canon MF4450 принтер/сканер/ксерокс,4 000 грн.,Сегодня в 07:33,
БФП/ МФУ Canon MF4450 принтер/сканер/ксерокс,4 000 грн.,Сегодня в 07:33,
Принтер SCX-4220,2 800 грн.,Сегодня в 05:54,
Принтер SCX-4220,2 800 грн.,Сегодня в 05:54,
Принтер HP LaserJet P3015dn пробеги от 3000-5000 копий,7 500 грн.,Сегодня в 08:16,
Принтер HP LaserJet P3015dn пробеги от 3000-5000 копий,7 500 грн.,Сегодня в 08:16,
Принтер HP LaserJet P3015dn пробеги от 100-500 копий,10 000 грн.,Сегодня в 08:11,
Принтер HP LaserJet P3015dn пробеги от 100-500 копий,10 000 грн.,Сегодня в 08:11,
Принтер Canon PIXMA MP 190,450 грн.,Сегодня в 06:18,
Принтер Canon PIXMA MP 190,450 грн.,Сегодня в 06:18,
Принтер цветной скан,400 грн.,Сегодня в 06:23,
Принтер цветной скан,400 грн.,Сегодня в 06:23,
Принтер Canon PIXMA MP270,550 грн.,07 мая 2024 г.,
Принтер Canon PIXMA MP270,550 грн.,07 мая 2024 г.,
3D принтер Phrozen Sonic Mighty 12K,41 000 грн.,Сегодня в 07:33,
3D принтер Phrozen Sonic Mighty 12K,41 000 грн.,Сегодня в 07:33,
